ID,Name,Email,Password,Roles
1,thanos,thanos@example.com,thanos123,authenticated
2,terry,terry@example.com,123terry,authenticated
3,jack,jack@example.com,jack,authenticated
4,john,john@example.com,john@123,authenticated
5,user5,user5@example.com,user@123,authenticated
6,user6,user6@example.com,user@123,authenticated
7,user7,user7@example.com,user@123,authenticated
8,user8,user8@example.com,user@123,authenticated
9,user9,user9@example.com,user@123,authenticated
10,user10,user10@example.com,user@123,authenticated
11,user11,user11@example.com,user@123,authenticated
12,user12,user12@example.com,user@123,authenticated
13,user13,user13@example.com,user@123,authenticated
14,user14,user14@example.com,user@123,authenticated
15,user15,user15@example.com,user@123,authenticated
16,user16,user16@example.com,user@123,authenticated
